MnO2,Pour Density,Surface Area,Dry Conductivity
0,0.579860465,1081,0.003651627
0,0.237162791,869,0.152030365
0,0.564604651,476.2,0.016920374
