MnO2,Pour Density,Surface Area,Dry Conductivity,Electrolyte Uptake,Water Uptake
80,0.984125581,1094.44,0.018843742,29.08680947,37.3502994
80,0.885451163,83.994,1.150285708,21.90942472,22.13570634
80,0.716218605,70.522,0.424388502,16.70281996,27.67605634
0,0.641465116,1038.84,0.043541527,35.41666667,53.7037037
0,0.542790698,28.394,1.165006548,10.67285383,23.40909091
0,0.37355814,14.922,0.741020452,14.70588235,24.00990099
