MnO2,Pour Density,Surface Area,Dry Conductivity,Electrolyte Uptake,Water Uptake
0,0.579860465,1081,0.003651627,67.65676568,75.59726962
0,0.237162791,869,0.152030365,61.42460685,70.58823529
0,0.564604651,476.2,0.016920374,46.24573379,56.219865
0,0.444162791,1000,0.05608305,30.4,65.78249337
