MnO2,Pour Density,Surface Area,Dry Conductivity
0,0.579860465,1081,0.003651627
0,0.237162791,869,0.152030365
0,0.564604651,476.2,0.016920374
0,0.444162791,1000,0.047877351
80,0.92252093,1136.6,0.005513128
80,0.579823256,924.6,0.120774488
80,0.907265116,531.8,0.009754666
80,0.786823256,1055.6,0.01321674
