MnO2,Pour Density,Surface Area,Dry Conductivity
0,0.593666667,1081,0.003651627
0,0.242809524,869,0.152030365
0,0.57802381,476.2,0.016920374
0,0.454738095,1000,0.047877351
80,1.001763441,1136.6,0.009844688
80,0.698525346,924.6,0.120774488
80,0.988501536,531.8,0.009754666
80,0.862834869,1055.6,0.01321674
