MnO2,Pour Density,Surface Area,Dry Conductivity
0,0.593666667,1081,0.003651627
0,0.242809524,869,0.152030365
0,0.57802381,476.2,0.020227625
0,0.454738095,950,0.047877351
80,0.593666667,1136.6,0.002377264
80,0.242809524,924.6,0.068401667
80,0.57802381,531.8,0.01161548
80,0.862834869,1005.6,0.015747684
